{"initial_reset_timestamp": 1570100070.8371973, "timestamps": [1570100088.143269, 1570100102.3243804], "episode_lengths": [155, 133], "episode_rewards": [4.510000000000008, 4.730000000000006], "episode_types": ["t", "t"]}