{"initial_reset_timestamp": 1571389103.8297982, "timestamps": [1571389103.8635263, 1571389103.8960555, 1571389103.915573, 1571389103.9386299, 1571389103.9613252, 1571389103.9853384, 1571389104.0056958, 1571389104.0229547, 1571389104.0417976, 1571389104.058885, 1571389104.0813713, 1571389104.1120582, 1571389104.128185, 1571389104.1454422, 1571389104.1647794, 1571389104.1800642, 1571389104.1991043, 1571389104.2142687, 1571389104.2313657, 1571389104.2519755, 1571389104.2679672, 1571389104.2858148, 1571389104.3125737, 1571389104.3355618, 1571389104.3533125, 1571389104.3723192, 1571389104.3916447, 1571389104.4149506, 1571389104.436664, 1571389104.45806, 1571389104.4780717, 1571389104.507448, 1571389104.5433488, 1571389104.5755446, 1571389104.61787, 1571389104.6538286, 1571389104.6816916, 1571389104.7071264, 1571389104.7495337, 1571389104.782985, 1571389104.8129654, 1571389104.8718688, 1571389104.8926804, 1571389104.9134114, 1571389104.9384675, 1571389104.9658442, 1571389104.983466, 1571389105.0025494, 1571389105.0196192, 1571389105.0403106, 1571389105.0591729, 1571389105.0781837, 1571389105.0951595, 1571389105.114519, 1571389105.134917, 1571389105.1565213, 1571389105.179099, 1571389105.1954174, 1571389105.214428, 1571389105.2334888, 1571389105.2634718, 1571389105.318509, 1571389105.3377645, 1571389105.4273176, 1571389105.48973, 1571389105.508942, 1571389105.6537766, 1571389105.6784103, 1571389105.7006173, 1571389105.7324984, 1571389105.7665832, 1571389105.8548894, 1571389105.8981779, 1571389105.9543295, 1571389106.0282495, 1571389106.1411831, 1571389106.2380657, 1571389106.3539932, 1571389106.469262, 1571389106.604583, 1571389106.7198076, 1571389106.7949405, 1571389106.8228903, 1571389106.9279697, 1571389106.9882116, 1571389107.0374932, 1571389107.0964625, 1571389107.139425, 1571389107.162609, 1571389107.190396, 1571389107.2196298, 1571389107.2546542, 1571389107.2994714, 1571389107.3284707, 1571389107.3596969, 1571389107.387174, 1571389107.4220352, 1571389107.4607255, 1571389107.636288, 1571389107.6721184, 1571389107.8890047, 1571389108.153575, 1571389108.415039, 1571389108.606504, 1571389108.9257958, 1571389109.2032218, 1571389109.4877849, 1571389109.7921557, 1571389110.110958, 1571389110.4171042, 1571389110.836542, 1571389111.131624, 1571389111.3950362, 1571389111.657963, 1571389111.8987014, 1571389112.1089637, 1571389112.3555937, 1571389112.6187344, 1571389112.8432791, 1571389113.1030474, 1571389113.4306262, 1571389113.6701229, 1571389113.9235294, 1571389114.1908646, 1571389114.5056615, 1571389114.7954564, 1571389115.0786486, 1571389115.2954097, 1571389115.7226782, 1571389116.3484688, 1571389117.2702594, 1571389117.7015128, 1571389118.1355846, 1571389118.542318, 1571389119.011724, 1571389119.4517136, 1571389119.8880568, 1571389120.4183714, 1571389120.7818158, 1571389121.3997817, 1571389121.9286003, 1571389122.3467236, 1571389122.6807253, 1571389123.1017492, 1571389123.491104, 1571389123.8806646, 1571389124.3918798, 1571389124.9704301, 1571389125.211821, 1571389125.4857652, 1571389125.9681354, 1571389126.1971464, 1571389126.4346616, 1571389126.6684277, 1571389127.0284357, 1571389127.3459651, 1571389127.5605588, 1571389127.8255312, 1571389128.104373, 1571389128.396725, 1571389128.712384, 1571389128.983018, 1571389129.2616932, 1571389129.5440269, 1571389129.846139, 1571389130.1248267, 1571389130.3847702, 1571389130.618477, 1571389130.9392107, 1571389131.2267692, 1571389131.459732, 1571389131.7706783, 1571389132.023627, 1571389132.3019717, 1571389132.5857546, 1571389132.8548381, 1571389133.1460352, 1571389133.441194, 1571389133.78087, 1571389134.0754623, 1571389134.3812854, 1571389134.725744, 1571389135.5741568, 1571389136.34678, 1571389137.1415484, 1571389137.1940632, 1571389137.42512, 1571389137.6507916, 1571389137.8951457, 1571389138.176151, 1571389138.4259386, 1571389138.7267113, 1571389139.108686, 1571389139.487252, 1571389139.824925, 1571389140.336837, 1571389140.825136, 1571389142.193474, 1571389143.3274555, 1571389143.9068851, 1571389144.5473049, 1571389145.1993685, 1571389146.0698712, 1571389147.319399, 1571389148.7253, 1571389149.7352087, 1571389151.081079, 1571389152.3910758, 1571389152.870516, 1571389153.1127734, 1571389154.0815995, 1571389154.5918307, 1571389154.7000277, 1571389156.0557585, 1571389157.35672, 1571389158.680185, 1571389160.21746, 1571389161.6706057, 1571389162.9976735, 1571389164.5444174, 1571389165.3649328, 1571389166.154851, 1571389167.0339587, 1571389167.7930908, 1571389168.0440383, 1571389168.207563, 1571389168.2683902, 1571389168.324999, 1571389168.38018, 1571389168.435256, 1571389168.4882345, 1571389168.5332258, 1571389168.562884, 1571389168.6045742, 1571389168.6811488, 1571389168.721681, 1571389168.7516859, 1571389168.7935536, 1571389168.8369148, 1571389168.8823931, 1571389168.9186459, 1571389168.9738045, 1571389169.0415611, 1571389169.08872, 1571389169.1450732, 1571389169.2138522, 1571389169.2758381, 1571389169.3347573, 1571389169.3840742, 1571389169.4139557, 1571389169.4397185, 1571389169.4714575, 1571389169.5034366, 1571389169.627447, 1571389169.6820815, 1571389169.762661, 1571389170.1007392, 1571389170.3529327, 1571389170.5026264, 1571389171.333557, 1571389172.7244534, 1571389174.1244493, 1571389176.2746525, 1571389177.7794693, 1571389179.267335, 1571389180.802485, 1571389181.3324056, 1571389182.5942664, 1571389183.0933814, 1571389183.5930114, 1571389183.7583814, 1571389184.1767967, 1571389184.3669064, 1571389184.5324414, 1571389184.7447526, 1571389185.0270536, 1571389185.2418258, 1571389185.4656343, 1571389185.6512406, 1571389185.7784884, 1571389185.9154499, 1571389186.0525775, 1571389186.1924381, 1571389186.3645005, 1571389186.5272229, 1571389186.9007316, 1571389187.179047, 1571389187.3703845, 1571389187.5376277, 1571389188.4928906, 1571389189.5969486, 1571389190.9200776, 1571389191.363104, 1571389191.7400823, 1571389192.168495, 1571389192.916696, 1571389193.2217329, 1571389193.5440497, 1571389193.8956003, 1571389194.3579988, 1571389195.3653822, 1571389196.307792, 1571389196.6671581, 1571389198.1705782, 1571389199.3874557, 1571389199.8823946, 1571389200.156401, 1571389200.6371038, 1571389201.0556967, 1571389202.130808, 1571389202.4129562, 1571389202.4556992, 1571389202.4953437, 1571389203.8163238, 1571389203.8547022, 1571389203.8987188, 1571389203.9404445, 1571389203.985229, 1571389205.2928903, 1571389206.3229706, 1571389206.8219268, 1571389207.193577, 1571389207.615816, 1571389207.8476021, 1571389208.2034724, 1571389208.3734958, 1571389208.5291085, 1571389208.6775544, 1571389208.8463914, 1571389208.9014752, 1571389208.9519207, 1571389208.9958835, 1571389209.0460145, 1571389209.107218, 1571389209.2254221, 1571389209.267676, 1571389209.3182194, 1571389209.3540392, 1571389209.4591937, 1571389209.505967, 1571389209.5496845, 1571389209.6025128, 1571389209.6501997, 1571389209.6899943, 1571389209.7282321, 1571389209.7685463, 1571389209.8001611, 1571389209.8379147, 1571389209.8785868, 1571389209.9176204, 1571389209.9527714, 1571389209.993477, 1571389210.0338316, 1571389210.070519, 1571389210.1288762, 1571389210.1613576, 1571389210.2093565, 1571389210.2476904, 1571389210.2940671, 1571389210.3371863, 1571389210.3779202, 1571389210.4248831, 1571389210.4623294, 1571389210.4949985, 1571389210.548873, 1571389210.5890913, 1571389210.6256485, 1571389210.6620507, 1571389210.7136579, 1571389210.7657075, 1571389210.8058186, 1571389210.8498375, 1571389210.8836112, 1571389210.9209998, 1571389210.9618514, 1571389211.0033538, 1571389211.0474277, 1571389211.0910451, 1571389211.1194634, 1571389211.1644037, 1571389211.2036712, 1571389211.2411659, 1571389211.2776, 1571389211.3097916, 1571389211.3415048, 1571389211.3710213, 1571389211.4097865, 1571389211.4457817, 1571389211.4851909, 1571389211.5291, 1571389211.567126, 1571389211.6209517, 1571389211.6768339, 1571389211.715367, 1571389211.7610104, 1571389211.7892396, 1571389211.8373601, 1571389211.888081, 1571389211.9382777, 1571389211.993694, 1571389212.0364957, 1571389212.0801058, 