{"initial_reset_timestamp": 1571388931.6193502, "timestamps": [1571388931.6754017, 1571388931.6977048, 1571388931.714766, 1571388931.7415156, 1571388931.7594175, 1571388931.778913, 1571388931.7981083, 1571388931.8151987, 1571388931.8341393, 1571388931.8512003, 1571388931.866342, 1571388931.8988023, 1571388931.9211853, 1571388931.939083, 1571388931.957189, 1571388931.971429, 1571388931.9891899, 1571388932.003446, 1571388932.0193143, 1571388932.039755, 1571388932.0543046, 1571388932.0706196, 1571388932.0880232, 1571388932.1114748, 1571388932.1466806, 1571388932.1648445, 1571388932.1825747, 1571388932.1968791, 1571388932.2128742, 1571388932.2308147, 1571388932.249552, 1571388932.2658215, 1571388932.282149, 1571388932.2982252, 1571388932.3142626, 1571388932.3402548, 1571388932.3620992, 1571388932.3784766, 1571388932.3958807, 1571388932.4137897, 1571388932.429939, 1571388932.445912, 1571388932.4618802, 1571388932.480065, 1571388932.4961133, 1571388932.5169964, 1571388932.5398245, 1571388932.5951085, 1571388932.6343834, 1571388932.6690314, 1571388932.7065992, 1571388932.7423048, 1571388932.77325, 1571388932.8094966, 1571388932.8454719, 1571388932.8784227, 1571388932.9062488, 1571388932.935305, 1571388932.9698565, 1571388933.0098636, 1571388933.0727775, 1571388933.133436, 1571388933.153486, 1571388933.187584, 1571388933.2196586, 1571388933.272594, 1571388933.34424, 1571388933.393155, 1571388933.4397607, 1571388933.4897962, 1571388933.542198, 1571388933.5980568, 1571388933.6415265, 1571388933.6881788, 1571388933.7404814, 1571388933.787731, 1571388933.8481987, 1571388933.8995454, 1571388933.959081, 1571388934.0144377, 1571388934.084385, 1571388934.1575105, 1571388934.2358093, 1571388934.345212, 1571388934.5439992, 1571388934.675328, 1571388934.7190185, 1571388934.7466476, 1571388934.7633822, 1571388934.7781181, 1571388934.7965138, 1571388934.8150446, 1571388934.8316014, 1571388934.8484032, 1571388934.8653538, 1571388934.8845112, 1571388934.918174, 1571388934.9355822, 1571388934.9505851, 1571388934.9667764, 1571388934.9834929, 1571388935.0019472, 1571388935.0185227, 1571388935.0350246, 1571388935.0517213, 1571388935.0703852, 1571388935.0869343, 1571388935.1226785, 1571388935.144901, 1571388935.1615028, 1571388935.1780877, 1571388935.196384, 1571388935.214732, 1571388935.231901, 1571388935.248536, 1571388935.2651234, 1571388935.2836971, 1571388935.3113077, 1571388935.3354034, 1571388935.3542113, 1571388935.3728492, 1571388935.3916943, 1571388935.410187, 1571388935.4248922, 1571388935.441407, 1571388935.459489, 1571388935.4746158, 1571388935.492894, 1571388935.5113008, 1571388935.5368967, 1571388935.5580037, 1571388935.5780375, 1571388935.5968885, 1571388935.615445, 1571388935.6336753, 1571388935.6521275, 1571388935.6704774, 1571388935.696739, 1571388935.7206664, 1571388935.7531474, 1571388935.7819347, 1571388935.8365505, 1571388935.8715482, 1571388935.90124, 1571388935.9401608, 1571388935.9773, 1571388936.0148952, 1571388936.0433707, 1571388936.0817218, 1571388936.1091335, 1571388936.133922, 1571388936.1708477, 1571388936.2053828, 1571388936.2519643, 1571388936.2818866, 1571388936.3126187, 1571388936.3663886, 1571388936.397974, 1571388936.4583411, 1571388936.503901, 1571388936.5663888, 1571388936.6426358, 1571388936.719225, 1571388936.8022547, 1571388936.8706067, 1571388936.959274, 1571388937.0636125, 1571388937.150937, 1571388937.298113, 1571388937.4337623, 1571388937.6729698, 1571388937.7881107, 1571388938.0250692, 1571388938.1445782, 1571388938.3182049, 1571388938.5658658, 1571388938.7582953, 1571388939.0948434, 1571388939.3690963, 1571388939.5623064, 1571388939.7372231, 1571388939.9114494, 1571388940.1183045, 1571388940.2937207, 1571388940.50225, 1571388940.686479, 1571388940.9557626, 1571388941.1394382, 1571388941.3066761, 1571388941.467097, 1571388941.6367362, 1571388941.8192868, 1571388942.0197163, 1571388942.2419121, 1571388942.4173179, 1571388942.5850396, 1571388942.7537105, 1571388942.9344647, 1571388943.1015456, 1571388943.3064516, 1571388943.54783, 1571388943.5971773, 1571388943.7724628, 1571388943.9375515, 1571388944.1130042, 1571388944.2790325, 1571388944.4757774, 1571388944.6753669, 1571388944.8686924, 1571388945.1161757, 1571388945.3366232, 1571388945.6025777, 1571388946.2420716, 1571388946.7834752, 1571388947.2930815, 1571388947.7408285, 1571388947.923476, 1571388948.1009834, 1571388948.2772462, 1571388948.5096686, 1571388948.791591, 1571388948.9816968, 1571388949.1898096, 1571388949.4065526, 1571388949.6246612, 1571388949.8280795, 1571388949.9973898, 1571388950.2240057, 1571388950.4563932, 1571388950.670776, 1571388950.9308612, 1571388951.141425, 1571388951.347396, 1571388951.5808177, 1571388951.8317063, 1571388952.1012678, 1571388952.38748, 1571388952.5799978, 1571388952.870285, 1571388953.7658412, 1571388954.65559, 1571388955.5524132, 1571388956.450006, 1571388957.355428, 1571388958.2466133, 1571388959.1422312, 1571388960.0288355, 1571388961.1849577, 1571388962.1524067, 1571388963.12072, 1571388964.0775151, 1571388965.0466344, 1571388965.5782506, 1571388966.2211862, 1571388966.6357286, 1571388966.987524, 1571388967.2465935, 1571388967.547344, 1571388967.812296, 1571388968.0706255, 1571388968.306259, 1571388968.5550256, 1571388968.816619, 1571388969.1531007, 1571388969.620937, 1571388970.1993222, 1571388971.1612036, 1571388972.1922238, 1571388973.1519341, 1571388974.1062698, 1571388975.0513077, 1571388976.0039966, 1571388976.948721, 1571388977.6807628, 1571388978.2160745, 1571388979.1587608, 1571388980.1024191, 1571388981.1709445, 1571388982.1246386, 1571388983.0763175, 1571388984.0257313, 1571388984.9753857, 1571388985.9263194, 1571388986.8824782, 1571388987.840625, 1571388988.167626, 1571388989.1192796, 1571388989.4241252, 1571388990.4956155, 1571388991.4589176, 1571388991.6018999, 1571388992.5783515, 1571388993.532259, 1571388994.4848073, 1571388995.1419623, 1571388996.095121, 1571388997.0468087, 1571388998.0065203, 1571388998.9683046, 1571389000.0092711, 1571389001.0133128, 1571389002.1501303, 1571389002.6938133, 1571389003.0759926, 1571389003.9576614, 1571389004.21881, 1571389004.5350294, 1571389004.8339205, 1571389005.0430398, 1571389005.4664032, 1571389005.713745, 1571389006.093147, 1571389006.4564438, 1571389006.8182197, 1571389007.7669652, 1571389008.3772645, 1571389009.1678965, 1571389010.1202343, 1571389011.0732026, 1571389011.3493533, 1571389011.444093, 1571389012.0052683, 1571389012.0573142, 1571389012.3274703, 1571389012.3898125, 1571389012.6803484, 1571389012.9767802, 1571389013.0378952, 1571389013.245698, 1571389013.5813248, 1571389013.8383904, 1571389014.4729323, 1571389014.5308418, 1571389014.9789424, 1571389015.4017992, 1571389015.7541046, 1571389015.8243337, 1571389015.9040313, 1571389015.9665318, 1571389016.031074, 1571389016.0761733, 1571389016.4175823, 1571389016.978237, 1571389017.628155, 1571389017.7314835, 1571389018.0334587, 1571389018.258213, 1571389018.5486362, 1571389018.815187, 1571389019.0795858, 1571389019.4017568, 1571389020.485977, 1571389020.676796, 1571389020.827272, 1571389020.9397662, 1571389021.0162086, 1571389021.1308076, 1571389021.1704712, 1571389021.2358139, 1571389021.313041, 1571389021.398398, 1571389021.4681365, 1571389021.5379968, 1571389021.573735, 1571389021.7004602, 1571389021.7828922, 1571389021.8592372, 1571389022.0101576, 1571389022.0816174, 1571389022.1777678, 1571389022.3394108, 1571389022.4662478, 1571389022.7269228, 1571389022.8348804, 1571389023.1340487, 1571389023.3940306, 1571389023.6406937, 1571389023.9698975, 1571389024.2503452, 1571389024.545848, 1571389024.8261304, 1571389025.0879269, 1571389025.3532872, 1571389025.5938563, 1571389025.840057, 1571389026.190273, 1571389026.4523888, 1571389026.718898, 1571389026.7436066, 1571389027.008218, 1571389027.0356562, 1571389027.3144395, 1571389027.5830572, 1571389027.8948052, 1571389027.9172854, 1571389028.2875876, 1571389028.5886579, 1571389028.9209318, 1571389029.9923518, 1571389030.9595366, 1571389031.9274352, 1571389032.9730527, 