{"initial_reset_timestamp": 1570117885.3738916, "timestamps": [1570117885.374123], "episode_lengths": [9], "episode_rewards": [0.992], "episode_types": ["t"]}